{"DisplayName":"iOS 14.0","DefaultProperties":{"DEFAULT_COMPILER":"com.apple.compilers.llvm.clang.1_0","AD_HOC_CODE_SIGNING_ALLOWED":"YES","TEST_LIBRARY_SEARCH_PATHS":"$(inherited) $(PLATFORM_DIR)\/Developer\/$(TEST_FRAMEWORK_DEVELOPER_VARIANT_SUBPATH)usr\/lib","DEPLOYMENT_TARGET_SUGGESTED_VALUES":["6.0","6.1","7.0","7.1","8.0","8.1","8.2","8.3","8.4","9.0","9.1","9.2","9.3","10.0","10.1","10.2","10.3","11.0","11.1","11.2","11.3","11.4","12.0","12.1","12.2","12.3","12.4","13.0","13.1","13.2","13.3","13.4","13.5","14.0"],"GCC_THUMB_SUPPORT":"YES","TEST_FRAMEWORK_SEARCH_PATHS":"$(inherited) $(PLATFORM_DIR)\/Developer\/$(TEST_FRAMEWORK_DEVELOPER_VARIANT_SUBPATH)Library\/Frameworks $(SDKROOT)\/Developer\/Library\/Frameworks","CODE_SIGN_IDENTITY":"Apple Development","CODE_SIGNING_REQUIRED":"NO","SUPPORTED_DEVICE_FAMILIES":"1,2","ENTITLEMENTS_DESTINATION":"Signature","PLATFORM_NAME":"iphoneos","ENTITLEMENTS_REQUIRED":"YES","CODE_SIGN_ENTITLEMENTS":"","IPHONEOS_DEPLOYMENT_TARGET":"14.0","KASAN_DEFAULT_CFLAGS":"-DKASAN=1 -fsanitize=address -mllvm -asan-globals-live-support -mllvm -asan-force-dynamic-shadow","DEAD_CODE_STRIPPING":"YES"},"MinimalDisplayName":"14.0","Version":"14.0","IsBaseSDK":"YES","SupportedTargets":{"iphoneos":{"MinimumDeploymentTarget":"6.0","LLVMTargetTripleVendor":"apple","PlatformFamilyName":"iOS","LLVMTargetTripleSys":"ios","MaximumDeploymentTarget":"99.99.99","LLVMTargetTripleEnvironment":"","DeploymentTargetSettingName":"IPHONEOS_DEPLOYMENT_TARGET","BuildVersionPlatformID":"2","DefaultDeploymentTarget":"14.0","Archs":["arm64e","arm64","armv7s","armv7"],"ValidDeploymentTargets":["6.0","6.1","7.0","7.1","8.0","8.1","8.2","8.3","8.4","9.0","9.1","9.2","9.3","10.0","10.1","10.2","10.3","11.0","11.1","11.2","11.3","11.4","12.0","12.1","12.2","12.3","12.4","13.0","13.1","13.2","13.3","13.4","13.5","14.0"]}},"PropertyConditionFallbackNames":["embedded"],"DefaultDeploymentTarget":"14.0","MaximumDeploymentTarget":"99.99.99","DebuggerOptions":{"SupportsViewDebugging":"YES"},"CanonicalName":"iphoneos14.0","CustomProperties":{}}