{"DisplayName":"Simulator - iOS 14.4","DefaultProperties":{"DEFAULT_COMPILER":"com.apple.compilers.llvm.clang.1_0","AD_HOC_CODE_SIGNING_ALLOWED":"YES","TEST_LIBRARY_SEARCH_PATHS":"$(inherited) $(PLATFORM_DIR)\/Developer\/$(TEST_FRAMEWORK_DEVELOPER_VARIANT_SUBPATH)usr\/lib","DEPLOYMENT_TARGET_SUGGESTED_VALUES":["9.0","9.2","10.0","10.2","11.0","11.2","11.4","12.1","12.3","13.0","13.2","13.4","13.6","14.1","14.3","14.4"],"TEST_FRAMEWORK_SEARCH_PATHS":"$(inherited) $(PLATFORM_DIR)\/Developer\/$(TEST_FRAMEWORK_DEVELOPER_VARIANT_SUBPATH)Library\/Frameworks $(SDKROOT)\/Developer\/Library\/Frameworks","CODE_SIGN_IDENTITY":"-","CODE_SIGNING_REQUIRED":"YES","SUPPORTED_DEVICE_FAMILIES":"1,2","ENTITLEMENTS_DESTINATION":"__entitlements","PLATFORM_NAME":"iphonesimulator","ENTITLEMENTS_REQUIRED":"YES","CODE_SIGN_ENTITLEMENTS":"","IPHONEOS_DEPLOYMENT_TARGET":"14.4","LLVM_TARGET_TRIPLE_SUFFIX":"-simulator","DEAD_CODE_STRIPPING":"YES"},"MinimalDisplayName":"Simulator - 14.4","Version":"14.4","IsBaseSDK":"YES","SupportedTargets":{"iphonesimulator":{"MinimumDeploymentTarget":"9.0","LLVMTargetTripleVendor":"apple","PlatformFamilyName":"iOS","LLVMTargetTripleSys":"ios","MaximumDeploymentTarget":"14.4.99","LLVMTargetTripleEnvironment":"simulator","DeploymentTargetSettingName":"IPHONEOS_DEPLOYMENT_TARGET","BuildVersionPlatformID":"7","DefaultDeploymentTarget":"14.4","Archs":["arm64","x86_64"],"ValidDeploymentTargets":["9.0","9.2","10.0","10.2","11.0","11.2","11.4","12.1","12.3","13.0","13.2","13.4","13.6","14.1","14.3","14.4"]}},"PropertyConditionFallbackNames":["embeddedsimulator"],"DefaultDeploymentTarget":"14.4","MaximumDeploymentTarget":"14.4.99","DebuggerOptions":{"SupportsViewDebugging":"YES"},"CanonicalName":"iphonesimulator14.4","CustomProperties":{}}